45032558,50,g
45186505,85,g
45230254,85,g
45035590,85,g
45021596,40,g
45023949,140,g
45363722,148,g
45009115,123,g
45005747,113,g
45286899,222,ml
45084768,21,g
45203303,85,g
45226591,138,g
45264282,138,g
45264284,138,g
45268728,20,g
45023141,115,g
45025665,85,g
45062583,113,g
45198354,166,g
45005803,158,g
45273478,170,g
45274979,148,g
45184866,148,g
45032554,50,g
45044167,85,g
45359850,142,g
45033738,28,g
45195736,85,g
45283403,85,g
45182462,182,g
45335798,154,g
45366409,154,g
45181927,154,g
45189051,154,g
45233756,13,g
45267494,128,g
45230275,148,g
45225336,85,g
45225265,85,g
45016313,32,g
45317669,240,ml
45212700,134,g
45012441,40,g
45005182,140,g
45287989,135,g
45182157,111,g
45186581,95,g
45267816,155,g
45372883,98,g
45283648,56,g
